claim_id	doc_id	evidence_type	evidence_strength	evidence_locator	evidence_url	quote_excerpt	snippet_hash	span_id	provenance_note
claim-bondi-hearing-date	doc-house-hearing-oversight-doj-2026	transcript	direct		https://judiciary.house.gov/committee-activity/hearings/oversight-us-department-justice-5	Hearing page lists date/time and witness as AG Pam Bondi.			manual_claim_registry
claim-hr4405-enacted	doc-govtrack-hr4405	release	direct		https://www.govtrack.us/congress/bills/119/hr4405	GovTrack status line shows enacted and signed by President on Nov. 19, 2025.			manual_claim_registry
claim-hr4405-enacted	doc-govinfo-pl119-38	filing	supporting		https://www.govinfo.gov/link/plaw/119/public/38	Public law link for Pub. L. 119-38.			manual_claim_registry
claim-doj-35m-pages	doc-doj-opa-35m-pages	release	direct		https://www.justice.gov/opa/pr/department-justice-publishes-35-million-responsive-pages-compliance-epstein-files	DOJ OPA release states 3.5 million responsive pages publication.			manual_claim_registry
claim-wasserman-agency-sale	doc-ap-wasserman-agency-sale-2026-02-14	secondary	direct		https://apnews.com/article/jeffrey-epstein-casey-wasserman-ghislaine-maxwell-olympics-02bc53aa1b6fa6fecac47e3a31a29ef1	AP says LA28 chair Casey Wasserman is selling his agency after Maxwell email disclosure.			manual_claim_registry
claim-doj-redactions-letter-reuters	doc-reuters-doj-redactions-letter-2026-02-15	secondary	direct		https://www.yahoo.com/news/us-justice-department-sends-letter-072131716.html	Reuters report says DOJ sent lawmakers a letter on redactions and four names.			manual_claim_registry
claim-epstein-nobel-outreach-ap	doc-ap-epstein-nobel-outreach-2026-02-14	secondary	direct		https://apnews.com/article/epstein-nobel-jagland-branson-summers-bannon-trump-a947bbf2bd307658014862d01517d21f	AP reports files show Epstein highlighted Nobel-linked access in elite outreach.			manual_claim_registry
claim-lifetouch-school-cancellations	doc-ap-lifetouch-school-cancellations-2026-02-14	secondary	direct		https://apnews.com/article/jeffrey-epstein-lifetouch-school-pictures-leon-black-c08e0563f5acd4097bee37225cb33463	AP reports some districts canceled Lifetouch sessions after viral posts tied to Epstein.			manual_claim_registry
claim-lutnick-meetings-acknowledged-ap	doc-ap-lutnick-meetings-2026-02-11	secondary	direct		https://apnews.com/article/epstein-howard-lutnick-trump-administration-2ead9f28f66e0df4da8f8e2d266ebe4f	AP reports Lutnick acknowledged meeting Epstein before entering government service, contradicting prior denials.			manual_claim_registry
claim-doj-letter-300plus-no-context	doc-reuters-doj-letter-300plus-2026-02-15	secondary	direct		https://whbl.com/2026/02/15/us-justice-department-sends-letter-on-epstein-files-redactions-to-congress/	Reuters says DOJ listed hundreds of names and noted context was not included in the letter.			manual_claim_registry
claim-doj-letter-300plus-no-context	doc-cnn-doj-letter-300plus-2026-02-15	secondary	supporting		https://keyt.com/news/national-world/cnn-us-politics/2026/02/15/doj-letter-on-epstein-files-lists-hundreds-of-names-but-doesnt-provide-context/	CNN says DOJ listed hundreds of names without context and quoted criticism that this muddied interpretation.			manual_claim_registry
claim-oversight-bondi-subpoena-20260317	doc-oversight-bondi-subpoena-2026-03-17	filing	direct		https://oversight.house.gov/wp-content/uploads/2026/03/03.17.2026-Subpoena-Cover-Letter-Bondi-FINAL.pdf	Committee cover letter transmitting subpoena to AG Bondi dated March 17, 2026.			manual_claim_registry
claim-oversight-bondi-subpoena-20260317	doc-wapo-bondi-subpoena-2026-03-17	secondary	supporting		https://www.washingtonpost.com/politics/2026/03/17/epstein-files-bondi-subpoena/	Washington Post reports Bondi subpoenaed to appear before House committee.			manual_claim_registry
claim-bondi-removed-ag-20260402	doc-cbs-bondi-removed-2026-04-02	secondary	direct		https://www.cbsnews.com/news/trump-pam-bondi-attorney-general/	CBS: Trump fires Bondi, installs Blanche as acting AG.			manual_claim_registry
claim-bondi-removed-ag-20260402	doc-axios-bondi-out-2026-04-02	secondary	supporting		https://www.axios.com/2026/04/02/pam-bondi-attorney-general-out	Axios: Attorney General Pam Bondi pushed out.			manual_claim_registry
claim-bondi-transcribed-interview-20260529	doc-oversight-additional-transcripts-2026	release	direct		https://oversight.house.gov/release/oversight-committee-releases-additional-epstein-investigation-transcripts/	Committee release includes Bondi transcribed interview dated May 29, 2026.			manual_claim_registry
claim-bondi-transcribed-interview-20260529	doc-npr-bondi-testimony-2026-05-29	secondary	supporting		https://www.npr.org/2026/05/29/nx-s1-5836563/pam-bondi-epstein-congress	NPR: Bondi doubles down on handling of files in testimony to Congress.			manual_claim_registry
claim-blanche-confirmed-ag-20260808	doc-npr-blanche-confirmed-2026-08-08	secondary	direct		https://www.npr.org/2026/08/08/g-s1-137631/senate-confirms-todd-blanche-attorney-general	NPR: Senate votes to confirm Todd Blanche as attorney general.			manual_claim_registry
claim-blanche-confirmed-ag-20260808	doc-wapo-blanche-confirmed-2026-08-08	secondary	supporting		https://www.washingtonpost.com/national-security/2026/08/08/senate-narrowly-approves-todd-blanche-ag-capping-tough-confirmation-fight/	Washington Post: narrow Senate approval.			manual_claim_registry
claim-phang-v-blanche-injunction-20260625	doc-cbs-phang-injunction-2026-06-25	secondary	direct		https://www.cbsnews.com/news/judge-orders-doj-unredact-more-epstein-files-or-explain-why-blanche/	CBS: Judge orders DOJ to unredact more Epstein files or explain why.			manual_claim_registry
claim-phang-v-blanche-injunction-20260625	doc-clearinghouse-phang-v-blanche	secondary	supporting		https://clearinghouse.net/case/48180/	Civil Rights Litigation Clearinghouse case summary for Phang v. Blanche 1:26-cv-01417.			manual_claim_registry
claim-sullivan-sept24-deadline-20260916	doc-hill-sullivan-deadline-2026-09-16	secondary	direct		https://thehill.com/regulation/court-battles/6095691-doj-epstein-transparency-ruling/	The Hill: Judge gives Blanche deadline, warns of possible contempt charges.			manual_claim_registry
claim-preska-efta-overrides-sealing-20260811	doc-bloomberg-preska-2026-08-12	secondary	direct		https://www.bloomberg.com/news/articles/2026-08-12/epstein-victim-files-cleared-for-release-over-maxwell-s-protest	Bloomberg: Epstein victim files cleared for release over Maxwell's protest.			manual_claim_registry
claim-doj-oig-efta-audit-20260423	doc-upi-oig-audit-2026-04-23	secondary	direct		https://www.upi.com/Top_News/US/2026/04/23/justice-department-inspector-general-audit-epstein-files-release/7901776973145/	UPI: DOJ Inspector General to audit release of Epstein files.			manual_claim_registry
claim-gao-redaction-review-20260428	doc-wapo-gao-review-2026-04-28	secondary	direct		https://www.washingtonpost.com/politics/2026/04/28/epstein-files-gao/	Washington Post: GAO agrees to review DOJ's handling of Epstein files.			manual_claim_registry
claim-gao-redaction-review-20260428	doc-senate-gao-request-2026-03-11	filing	supporting		https://www.lujan.senate.gov/wp-content/uploads/2026/03/GAO-Epstein-Files-Redactions-Review-Letter.pdf	Senators' March 11, 2026 request letter to the Acting Comptroller General.			manual_claim_registry
claim-hr9694-efta2-introduced-20260715	doc-congress-hr9694-text	filing	direct		https://www.congress.gov/bill/119th-congress/house-bill/9694/text/ih	Introduced-in-House text of H.R. 9694.			manual_claim_registry
claim-hr9694-efta2-introduced-20260715	doc-massie-efta2-release-2026-07-15	release	supporting		https://massie.house.gov/news/documentsingle.aspx?DocumentID=395849	Sponsor press release announcing introduction.			manual_claim_registry
claim-efta2-discharge-218-20260918	doc-axios-efta2-218-2026-09-18	secondary	direct		https://www.axios.com/2026/09/18/epstein-files-vote-massie-khanna-support	Axios: Epstein files vote 2.0 garners enough support.			manual_claim_registry
claim-hr10389-svpa-introduced-20260916	doc-oversight-svpa-release-2026-09-16	release	direct		https://oversight.house.gov/release/chairman-comer-introduces-the-survivors-voice-protection-act/	Committee release announcing introduction of the Survivor's Voice Protection Act.			manual_claim_registry
claim-hr10397-srra-introduced-20260915	doc-govinfo-hr10397-ih	filing	direct		https://www.govinfo.gov/app/details/BILLS-119hr10397ih	GovInfo record for BILLS-119hr10397ih.			manual_claim_registry
claim-sres608-maxwell-clemency-20260729	doc-congress-sres608	filing	direct		https://www.congress.gov/bill/119th-congress/senate-resolution/608	Congress.gov record for S.Res.608.			manual_claim_registry
claim-sres608-maxwell-clemency-20260729	doc-axios-sres608-2026-07-29	secondary	supporting		https://www.axios.com/2026/07/29/ghislaine-maxwell-jeffrey-epstein-senate-pardon	Axios: Senate goes on record to oppose any possible pardon for Maxwell.			manual_claim_registry
claim-oversight-gates-groff-transcripts-20260623	doc-oversight-gates-groff-release-2026-06-23	release	direct		https://oversight.house.gov/release/oversight-committee-releases-gates-and-groff-transcripts/	Committee release of Gates and Groff transcripts.			manual_claim_registry
claim-oversight-gates-groff-transcripts-20260623	doc-oversight-gates-transcript-2026	transcript	supporting		https://oversight.house.gov/wp-content/uploads/2026/06/Bill-Gates-Transcript.pdf	Bill Gates transcribed interview transcript (PDF).			manual_claim_registry
claim-oversight-gates-groff-transcripts-20260623	doc-oversight-groff-transcript-2026	transcript	supporting		https://oversight.house.gov/wp-content/uploads/2026/06/Lesley-Groff-Transcript.pdf	Lesley Groff transcribed interview transcript (PDF).			manual_claim_registry
claim-oversight-black-band-transcripts-2026	doc-oversight-black-band-release-2026	release	direct		https://oversight.house.gov/release/oversight-committee-releases-leon-black-and-doug-band-transcripts/	Committee release of Black and Band transcripts.			manual_claim_registry
claim-oversight-black-band-transcripts-2026	doc-oversight-black-transcript-2026-07-16	transcript	supporting		https://oversight.house.gov/wp-content/uploads/2026/07/Leon-Black-Final-Transcript-7.16.26.pdf	Leon Black final transcript dated July 16, 2026 (PDF).			manual_claim_registry
claim-oversight-staley-transcript-20260826	doc-oversight-staley-release-2026	release	direct		https://oversight.house.gov/release/oversight-committee-releases-jes-staley-transcript/	Committee release of Staley transcript.			manual_claim_registry
claim-oversight-staley-transcript-20260826	doc-oversight-staley-transcript-2026-08-26	transcript	supporting		https://oversight.house.gov/wp-content/uploads/2026/08/Jes-Staley-Final-Transcript_Redacted-8.26.26.pdf	Staley final redacted transcript (PDF).			manual_claim_registry
claim-oversight-doj-referral-request-20260604	doc-oversight-kellen-referral-2026-06-04	release	direct		https://oversight.house.gov/release/chairman-comer-and-republican-lawmakers-seek-doj-investigation-into-sexual-assault-allegations-made-during-epstein-investigation/	Committee release: letter to acting AG requesting investigation.			manual_claim_registry
claim-oversight-doj-referral-request-20260604	doc-abc-kellen-denials-2026-06	secondary	supporting		https://abcnews.com/US/lawmakers-doj-investigate-additional-alleged-abusers-named-former/story?id=133567240	ABC reports both men denied the allegations through representatives.			manual_claim_registry
claim-house-black-contempt-20260916	doc-npr-black-contempt-2026-09-16	secondary	direct		https://www.npr.org/2026/09/16/nx-s1-5954258/leon-black-jeffrey-epstein-contempt-congress	NPR: House holds billionaire Leon Black in contempt of Congress.			manual_claim_registry
claim-house-black-contempt-20260916	doc-cnbc-black-contempt-2026-09-16	secondary	supporting		https://www.cnbc.com/2026/09/16/leon-black-contempt-house-epstein-subpoenas-refusal.html	CNBC: House votes to hold Leon Black in contempt.			manual_claim_registry
claim-wsj-executors-sdny-probe-20260923	doc-cnbc-executors-probe-2026-09-23	secondary	direct		https://www.cnbc.com/2026/09/23/jeffrey-epstein-estate-executors-investigation.html	CNBC relays WSJ report of SDNY probe of executors.			manual_claim_registry
claim-wsj-executors-sdny-probe-20260923	doc-forbes-executors-probe-2026-09-23	secondary	supporting		https://www.forbes.com/sites/alisondurkee/2026/09/23/doj-investigating-executors-of-epsteins-estate-report-says/	Forbes relays WSJ report and notes denials.			manual_claim_registry
claim-maxwell-postconviction-denied-20260825	doc-axios-maxwell-denied-2026-08-25	secondary	direct		https://www.axios.com/2026/08/25/ghislaine-maxwells-bid-to-overturn-conviction-rejected	Axios: Maxwell loses bid to overturn conviction.			manual_claim_registry
claim-maxwell-postconviction-denied-20260825	doc-reuters-maxwell-denied-2026-08-25	secondary	supporting		https://www.usnews.com/news/world/articles/2026-08-25/ghislaine-maxwell-loses-bid-to-throw-out-conviction-for-aiding-jeffrey-epstein	Reuters via US News: Maxwell loses bid to throw out conviction.			manual_claim_registry
claim-purported-note-unsealed-20260506	doc-reuters-note-unsealed-2026-05-06	secondary	direct		https://www.usnews.com/news/us/articles/2026-05-06/new-york-judge-releases-purported-epstein-suicide-note	Reuters via US News: New York judge releases purported Epstein note.			manual_claim_registry
claim-purported-note-unsealed-20260506	doc-npr-note-unsealed-2026-05-07	secondary	supporting		https://www.npr.org/2026/05/07/nx-s1-5814808/jeffrey-epstein-suicide-note	NPR: judge unsealed Epstein's purported 2019 note.			manual_claim_registry
claim-nm-sues-doj-records-202608	doc-nmdoj-sues-doj-2026-08	release	direct		https://nmdoj.gov/press-release/new-mexico-sues-doj-for-blocking-access-to-unredacted-epstein-investigative-files-in-zorro-ranch-criminal-probe/	NMDOJ release announcing lawsuit against U.S. DOJ.			manual_claim_registry
claim-nm-sues-doj-records-202608	doc-courthouse-nm-sues-2026-08	secondary	supporting		https://www.courthousenews.com/new-mexico-rips-feds-for-stonewalling-probe-into-epstein-ranch/	Courthouse News coverage of the complaint.			manual_claim_registry
claim-nm-truth-commission-interim-20260805	doc-nmlegis-truth-commission-interim-2026-08-05	release	direct		https://www.nmlegis.gov/handouts/HISC%20080526%20Item%201%20Interim%20Report.pdf	Interim report handout dated 08/05/26.			manual_claim_registry
claim-nm-truth-commission-interim-20260805	doc-sourcenm-interim-report-2026-08-05	secondary	supporting		https://sourcenm.com/2026/08/05/new-mexico-epstein-commission-releases-report-on-investigation-so-far/	Source NM: commission releases report on investigation so far.			manual_claim_registry
claim-wyden-bank-report-20260804	doc-senate-finance-wyden-report-2026-08-04	release	direct		https://www.finance.senate.gov/ranking-members-news/wyden-releases-new-report-on-failure-of-wall-street-banks-to-blow-the-whistle-on-jeffrey-epsteins-sex-trafficking-and-money-laundering-schemes	Senate Finance minority release of the report.			manual_claim_registry
claim-wyden-bank-report-20260804	doc-npr-wyden-report-2026-08-04	secondary	supporting		https://www.npr.org/2026/08/04/nx-s1-5919238/jeffrey-epstein-jpmorgan-bank-of-america-deutsche-bank-senate-democrats	NPR coverage of report.			manual_claim_registry
claim-bofa-settlement-final-approval-20260827	doc-reuters-bofa-final-2026-08-27	secondary	direct		https://www.usnews.com/news/top-news/articles/2026-08-27/court-approves-bank-of-americas-72-5-million-settlement-with-epstein-accusers	Reuters via US News: court approves BofA $72.5M settlement.			manual_claim_registry
claim-bofa-settlement-final-approval-20260827	doc-abc-bofa-final-2026-08-27	secondary	supporting		https://abcnews.com/US/judge-final-approval-bank-americas-72-million-settlement/story?id=136002279	ABC: judge approves BofA settlement.			manual_claim_registry
claim-hyatt-pritzker-retired-20260216	doc-hyatt-pritzker-retires-2026-02-16	release	direct		https://newsroom.hyatt.com/021626-Hyatt-Announces-Thomas-J-Pritzker-Retires-as-Executive-Chairman-and-Will-Not-Seek-Re-Election-to-Board-of-Directors-Mark-S-Hoplamazian-Assumes-Combined-Role-of-Chairman-of-the-Board-and-Chief-Executive-Officer	Hyatt release: retires as Executive Chairman effective immediately.			manual_claim_registry
claim-hyatt-pritzker-retired-20260216	doc-cnn-pritzker-retire-2026-02-16	secondary	supporting		https://www.cnn.com/2026/02/16/business/hyatt-pritzker-retire-epstein	CNN: Hyatt executive chairman steps down.			manual_claim_registry
claim-goldman-ruemmler-8k-2026	doc-sec-gs-8k-2026-03-09	filing	direct		https://www.sec.gov/Archives/edgar/data/886982/000119312526105328/gs-20260309.htm	Goldman Sachs Form 8-K reporting the retirement.			manual_claim_registry
claim-storting-epstein-commission-20260415	doc-stortinget-commission-first-meeting-2026-05-05	release	direct		https://www.stortinget.no/en/In-English/About-the-Storting/News-archive/Front-page-news/2025-2026/commission-of-enquiry-has-its-first-meeting/	Stortinget: commission of enquiry has its first meeting.			manual_claim_registry
claim-gates-foundation-review-20260721	doc-gates-foundation-review-2026-07-21	release	direct		https://www.gatesfoundation.org/ideas/media-center/press-releases/2026/07/external-review	Gates Foundation: foundation concludes external review.			manual_claim_registry
claim-andrew-arrested-20260219	doc-npr-andrew-arrest-2026-02-19	secondary	direct		https://www.npr.org/2026/02/19/nx-s1-5719098/former-prince-andrew-arrested-on-suspicion-of-misconduct-in-public-office-reports	NPR: former Prince Andrew arrested, then released.			manual_claim_registry
claim-andrew-arrested-20260219	doc-cbs-andrew-arrest-2026-02-19	secondary	supporting		https://www.cbsnews.com/news/former-prince-andrew-arrested-epstein-files-suspected-misconduct-public-office/	CBS: former Prince Andrew arrested over suspected misconduct in public office.			manual_claim_registry
claim-mandelson-arrested-20260223	doc-cnn-mandelson-arrest-2026-02-23	secondary	direct		https://www.cnn.com/2026/02/23/uk/peter-mandelson-arrested-gbr-intl	CNN: Mandelson arrested amid Epstein probe.			manual_claim_registry
claim-mandelson-arrested-20260223	doc-itv-mandelson-bail-2026-03-06	secondary	supporting		https://www.itv.com/news/2026-03-06/lord-mandelson-no-longer-on-bail-as-hes-released-under-investigation-by-police	ITV: no longer on bail, released under investigation.			manual_claim_registry
claim-starmer-resignation-20260622	doc-cnn-starmer-resignation-2026-06-22	secondary	direct		https://www.cnn.com/2026/06/22/world/live-news/keir-starmer-uk-pm	CNN live coverage of Starmer's resignation.			manual_claim_registry
claim-starmer-resignation-20260622	doc-aljazeera-starmer-resignation-2026-06-22	secondary	supporting		https://www.aljazeera.com/news/2026/6/22/why-has-keir-starmer-resigned-as-uk-prime-minister-and-who-will-take-over	Al Jazeera explainer on the resignation.			manual_claim_registry
claim-european-mla-unanswered-20260909	doc-wapo-european-mla-2026-09-09	secondary	direct		https://www.washingtonpost.com/world/2026/09/09/europeans-investigating-epstein-say-doj-has-not-agreed-requests-help/	Washington Post: Europeans investigating Epstein say DOJ has not agreed to requests for help.			manual_claim_registry
claim-european-mla-unanswered-20260909	doc-forbes-european-mla-2026-09-09	secondary	supporting		https://www.forbes.com/sites/alisondurkee/2026/09/09/doj-so-far-isnt-helping-european-countries-investigate-epstein-officials-say/	Forbes follow-up with DOJ statement.			manual_claim_registry
claim-siad-found-dead-20260720	doc-cnn-siad-dead-2026-07-22	secondary	direct		https://www.cnn.com/2026/07/22/europe/model-recruiter-epstein-dead-france-intl	CNN: model recruiter found dead in France.			manual_claim_registry
claim-siad-found-dead-20260720	doc-aljazeera-siad-dead-2026-07-22	secondary	supporting		https://www.aljazeera.com/news/2026/7/22/french-model-recruiter-with-close-ties-to-jeffrey-epstein-found-dead	Al Jazeera: French model recruiter found dead.			manual_claim_registry
claim-sullivan-sept24-deadline-20260916	doc-newsweek-sullivan-deadline-2026-09	secondary	supporting		https://www.newsweek.com/reagan-appointed-judge-issues-epstein-files-deadline-to-trumps-doj-12457462	Newsweek: judge issues Epstein files deadline and warning to DOJ.			manual_claim_registry
claim-preska-efta-overrides-sealing-20260811	doc-spokesman-preska-2026-08-11	secondary	supporting		https://www.spokesman.com/stories/2026/aug/11/epstein-victim-files-cleared-for-release-over-maxw/	Spokesman-Review (Bloomberg wire): files cleared for release over Maxwell's protest.			manual_claim_registry
claim-doj-oig-efta-audit-20260423	doc-hill-oig-review-2026-04-23	secondary	supporting		https://thehill.com/homenews/administration/5845360-doj-ig-epstein-files-transparency/	The Hill: DOJ watchdog to review compliance with Epstein files law.			manual_claim_registry
claim-efta2-discharge-218-20260918	doc-politicalwire-efta2-218-2026-09-18	secondary	supporting		https://politicalwire.com/2026/09/18/second-epstein-files-discharge-petition-has-the-signatures/	Political Wire: second Epstein files discharge petition has the signatures.			manual_claim_registry
